id,text,attitudes,comments,reposts
4475185367478768,"每当我颓废的时候，看看这个视频，我就浑身充满了斗志！为了我和我老婆的小米之家！我可以！我能行！加油！ <a data-url=""http://t.cn/A6hrPmIS"" href=""https://m.weibo.cn/p/index?containerid=2304444475185156522026&url_type=39&object_type=video&pos=1&luicode=10000011&lfid=1076032830678474"" data-hide=""""><span class='url-icon'><img style='width: 1rem;height: 1rem' src='https://h5.sinaimg.cn/upload/2015/09/25/3/timeline_card_small_video_default.png'></span><span class=""surl-text"">崔庆才丨静觅的微博视频</span></a> ",60,19,12
4529050225741761,"<span class=""url-icon""><img alt=[泪] src=""https://h5.sinaimg.cn/m/emoticon/icon/default/d_lei-1b4b02f8b1.png"" style=""width:1em; height:1em;"" /></span><span class=""url-icon""><img alt=[泪] src=""https://h5.sinaimg.cn/m/emoticon/icon/default/d_lei-1b4b02f8b1.png"" style=""width:1em; height:1em;"" /></span><span class=""url-icon""><img alt=[泪] src=""https://h5.sinaimg.cn/m/emoticon/icon/default/d_lei-1b4b02f8b1.png"" style=""width:1em; height:1em;"" /></span><span class=""url-icon""><img alt=[泪] src=""https://h5.sinaimg.cn/m/emoticon/icon/default/d_lei-1b4b02f8b1.png"" style=""width:1em; height:1em;"" /></span><span class=""url-icon""><img alt=[泪] src=""https://h5.sinaimg.cn/m/emoticon/icon/default/d_lei-1b4b02f8b1.png"" style=""width:1em; height:1em;"" /></span><span class=""url-icon""><img alt=[泪] src=""https://h5.sinaimg.cn/m/emoticon/icon/default/d_lei-1b4b02f8b1.png"" style=""width:1em; height:1em;"" /></span><span class=""url-icon""><img alt=[泪] src=""https://h5.sinaimg.cn/m/emoticon/icon/default/d_lei-1b4b02f8b1.png"" style=""width:1em; height:1em;"" /></span><span class=""url-icon""><img alt=[悲伤] src=""https://h5.sinaimg.cn/m/emoticon/icon/default/d_beishang-f8d6de06c8.png"" style=""width:1em; height:1em;"" /></span><span class=""url-icon""><img alt=[悲伤] src=""https://h5.sinaimg.cn/m/emoticon/icon/default/d_beishang-f8d6de06c8.png"" style=""width:1em; height:1em;"" /></span><span class=""url-icon""><img alt=[悲伤] src=""https://h5.sinaimg.cn/m/emoticon/icon/default/d_beishang-f8d6de06c8.png"" style=""width:1em; height:1em;"" /></span><span class=""url-icon""><img alt=[悲伤] src=""https://h5.sinaimg.cn/m/emoticon/icon/default/d_beishang-f8d6de06c8.png"" style=""width:1em; height:1em;"" /></span><span class=""url-icon""><img alt=[悲伤] src=""https://h5.sinaimg.cn/m/emoticon/icon/default/d_beishang-f8d6de06c8.png"" style=""width:1em; height:1em;"" /></span><span class=""url-icon""><img alt=[悲伤] src=""https://h5.sinaimg.cn/m/emoticon/icon/default/d_beishang-f8d6de06c8.png"" style=""width:1em; height:1em;"" /></span><span class=""url-icon""><img alt=[悲伤] src=""https://h5.sinaimg.cn/m/emoticon/icon/default/d_beishang-f8d6de06c8.png"" style=""width:1em; height:1em;"" /></span><span class=""url-icon""><img alt=[泪] src=""https://h5.sinaimg.cn/m/emoticon/icon/default/d_lei-1b4b02f8b1.png"" style=""width:1em; height:1em;"" /></span><span class=""url-icon""><img alt=[泪] src=""https://h5.sinaimg.cn/m/emoticon/icon/default/d_lei-1b4b02f8b1.png"" style=""width:1em; height:1em;"" /></span><span class=""url-icon""><img alt=[泪] src=""https://h5.sinaimg.cn/m/emoticon/icon/default/d_lei-1b4b02f8b1.png"" style=""width:1em; height:1em;"" /></span><span class=""url-icon""><img alt=[泪] src=""https://h5.sinaimg.cn/m/emoticon/icon/default/d_lei-1b4b02f8b1.png"" style=""width:1em; height:1em;"" /></span><span class=""url-icon""><img alt=[悲伤] src=""https://h5.sinaimg.cn/m/emoticon/icon/default/d_beishang-f8d6de06c8.png"" style=""width:1em; height:1em;"" /></span><span class=""url-icon""><img alt=[悲伤] src=""https://h5.sinaimg.cn/m/emoticon/icon/default/d_beishang-f8d6de06c8.png"" style=""width:1em; height:1em;"" /></span><span class=""url-icon""><img alt=[泪] src=""https://h5.sinaimg.cn/m/emoticon/icon/default/d_lei-1b4b02f8b1.png"" style=""width:1em; height:1em;"" /></span><span class=""url-icon""><img alt=[泪] src=""https://h5.sinaimg.cn/m/emoticon/icon/default/d_lei-1b4b02f8b1.png"" style=""width:1em; height:1em;"" /></span><span class=""url-icon""><img alt=[泪] src=""https://h5.sinaimg.cn/m/emoticon/icon/default/d_lei-1b4b02f8b1.png"" style=""width:1em; height:1em;"" /></span><span class=""url-icon""><img alt=[泪] src=""https://h5.sinaimg.cn/m/emoticon/icon/default/d_lei-1b4b02f8b1.png"" style=""width:1em; height:1em;"" /></span><span class=""url-icon""><img alt=[泪] src=""https://h5.sinaimg.cn/m/emoticon/icon/default/d_lei-1b4b02f8b1.png"" style=""width:1em; height:1em;"" /></span><span class=""url-icon""><img alt=[泪] src=""https://h5.sinaimg.cn/m/emoticon/icon/default/d_lei-1b4b02f8b1.png"" style=""width:1em; height:1em;"" /></span><span class=""url-icon""><img alt=[悲伤] src=""https://h5.sinaimg.cn/m/emoticon/icon/default/d_beishang-f8d6de06c8.png"" style=""width:1em; height:1em;"" /></span><span class=""url-icon""><img alt=[泪] src=""https://h5.sinaimg.cn/m/emoticon/icon/default/d_lei-1b4b02f8b1.png"" style=""width:1em; height:1em;"" /></span><span class=""url-icon""><img alt=[悲伤] src=""https://h5.sinaimg.cn/m/emoticon/icon/default/d_beishang-f8d6de06c8.png"" style=""width:1em; height:1em;"" /></span><span class=""url-icon""><img alt=[泪] src=""https://h5.sinaimg.cn/m/emoticon/icon/default/d_lei-1b4b02f8b1.png"" style=""width:1em; height:1em;"" /></span><span class=""url-icon""><img alt=[泪] src=""https://h5.sinaimg.cn/m/emoticon/icon/default/d_lei-1b4b02f8b1.png"" style=""width:1em; height:1em;"" /></span><span class=""url-icon""><img alt=[泪] src=""https://h5.sinaimg.cn/m/emoticon/icon/default/d_lei-1b4b02f8b1.png"" style=""width:1em; height:1em;"" /></span><span class=""url-icon""><img alt=[悲伤] src=""https://h5.sinaimg.cn/m/emoticon/icon/default/d_beishang-f8d6de06c8.png"" style=""width:1em; height:1em;"" /></span><span class=""url-icon""><img alt=[泪] src=""https://h5.sinaimg.cn/m/emoticon/icon/default/d_lei-1b4b02f8b1.png"" style=""width:1em; height:1em;"" /></span><span class=""url-icon""><img alt=[泪] src=""https://h5.sinaimg.cn/m/emoticon/icon/default/d_lei-1b4b02f8b1.png"" style=""width:1em; height:1em;"" /></span><span class=""url-icon""><img alt=[泪] src=""https://h5.sinaimg.cn/m/emoticon/icon/default/d_lei-1b4b02f8b1.png"" style=""width:1em; height:1em;"" /></span><span class=""url-icon""><img alt=[悲伤] src=""https://h5.sinaimg.cn/m/emoticon/icon/default/d_beishang-f8d6de06c8.png"" style=""width:1em; height:1em;"" /></span><span class=""url-icon""><img alt=[悲伤] src=""https://h5.sinaimg.cn/m/emoticon/icon/default/d_beishang-f8d6de06c8.png"" style=""width:1em; height:1em;"" /></span><br />下次又要好久才能见到老婆了。 <a data-url=""http://t.cn/z83wX7R"" href=""https://m.weibo.cn/p/index?containerid=2306570042B2094750DB6DA2FF4398&luicode=10000011&lfid=1076032830678474"" data-hide=""""><span class='url-icon'><img style='width: 1rem;height: 1rem' src='https://h5.sinaimg.cn/upload/2015/09/25/3/timeline_card_small_location_default.png'></span><span class=""surl-text"">济南·济南西火车站</span></a> ",6,0,0
4528448653499244,"<span class=""url-icon""><img alt=[跪了] src=""https://h5.sinaimg.cn/m/emoticon/icon/default/d_guile-7b3e474f7f.png"" style=""width:1em; height:1em;"" /></span>",0,2,0
4528391442935808,"跟着老婆有肉吃。<span class=""url-icon""><img alt=[嘻嘻] src=""https://h5.sinaimg.cn/m/emoticon/icon/default/d_xixi-813ededea2.png"" style=""width:1em; height:1em;"" /></span><span class=""url-icon""><img alt=[嘻嘻] src=""https://h5.sinaimg.cn/m/emoticon/icon/default/d_xixi-813ededea2.png"" style=""width:1em; height:1em;"" /></span><span class=""url-icon""><img alt=[嘻嘻] src=""https://h5.sinaimg.cn/m/emoticon/icon/default/d_xixi-813ededea2.png"" style=""width:1em; height:1em;"" /></span><span class=""url-icon""><img alt=[嘻嘻] src=""https://h5.sinaimg.cn/m/emoticon/icon/default/d_xixi-813ededea2.png"" style=""width:1em; height:1em;"" /></span> <a data-url=""http://t.cn/R2WxYIA"" href=""https://m.weibo.cn/p/index?containerid=23065700428008637010000000000&luicode=10000011&lfid=1076032830678474"" data-hide=""""><span class='url-icon'><img style='width: 1rem;height: 1rem' src='https://h5.sinaimg.cn/upload/2015/09/25/3/timeline_card_small_location_default.png'></span><span class=""surl-text"">济南</span></a> ",7,2,0
4528352155927072,"看我老婆的高难度攀岩🧗♀️<span class=""url-icon""><img alt=[憧憬] src=""https://h5.sinaimg.cn/m/emoticon/icon/default/d_xingxingyan-06a3ca0ae4.png"" style=""width:1em; height:1em;"" /></span><span class=""url-icon""><img alt=[哈哈] src=""https://h5.sinaimg.cn/m/emoticon/icon/default/d_haha-dd1c6d36cf.png"" style=""width:1em; height:1em;"" /></span> ",7,7,0
4527987510742108,"<span class=""url-icon""><img alt=[嘻嘻] src=""https://h5.sinaimg.cn/m/emoticon/icon/default/d_xixi-813ededea2.png"" style=""width:1em; height:1em;"" /></span><span class=""url-icon""><img alt=[嘻嘻] src=""https://h5.sinaimg.cn/m/emoticon/icon/default/d_xixi-813ededea2.png"" style=""width:1em; height:1em;"" /></span><span class=""url-icon""><img alt=[嘻嘻] src=""https://h5.sinaimg.cn/m/emoticon/icon/default/d_xixi-813ededea2.png"" style=""width:1em; height:1em;"" /></span><span class=""url-icon""><img alt=[嘻嘻] src=""https://h5.sinaimg.cn/m/emoticon/icon/default/d_xixi-813ededea2.png"" style=""width:1em; height:1em;"" /></span> <a data-url=""http://t.cn/A6yTmxNP"" href=""https://m.weibo.cn/p/index?containerid=2304444527987459031046&url_type=39&object_type=video&pos=1&luicode=10000011&lfid=1076032830678474"" data-hide=""""><span class='url-icon'><img style='width: 1rem;height: 1rem' src='https://h5.sinaimg.cn/upload/2015/09/25/3/timeline_card_small_video_default.png'></span><span class=""surl-text"">崔庆才丨静觅的微博视频</span></a> ",8,5,0
4527780430358060,"老婆我来啦！！！我老婆接到我啦！！！<br /><span class=""url-icon""><img alt=[憧憬] src=""https://h5.sinaimg.cn/m/emoticon/icon/default/d_xingxingyan-06a3ca0ae4.png"" style=""width:1em; height:1em;"" /></span><span class=""url-icon""><img alt=[憧憬] src=""https://h5.sinaimg.cn/m/emoticon/icon/default/d_xingxingyan-06a3ca0ae4.png"" style=""width:1em; height:1em;"" /></span><span class=""url-icon""><img alt=[憧憬] src=""https://h5.sinaimg.cn/m/emoticon/icon/default/d_xingxingyan-06a3ca0ae4.png"" style=""width:1em; height:1em;"" /></span><span class=""url-icon""><img alt=[憧憬] src=""https://h5.sinaimg.cn/m/emoticon/icon/default/d_xingxingyan-06a3ca0ae4.png"" style=""width:1em; height:1em;"" /></span><span class=""url-icon""><img alt=[憧憬] src=""https://h5.sinaimg.cn/m/emoticon/icon/default/d_xingxingyan-06a3ca0ae4.png"" style=""width:1em; height:1em;"" /></span><span class=""url-icon""><img alt=[憧憬] src=""https://h5.sinaimg.cn/m/emoticon/icon/default/d_xingxingyan-06a3ca0ae4.png"" style=""width:1em; height:1em;"" /></span><span class=""url-icon""><img alt=[憧憬] src=""https://h5.sinaimg.cn/m/emoticon/icon/default/d_xingxingyan-06a3ca0ae4.png"" style=""width:1em; height:1em;"" /></span> <a data-url=""http://t.cn/R2WxYIA"" href=""https://m.weibo.cn/p/index?containerid=23065700428008637010000000000&luicode=10000011&lfid=1076032830678474"" data-hide=""""><span class='url-icon'><img style='width: 1rem;height: 1rem' src='https://h5.sinaimg.cn/upload/2015/09/25/3/timeline_card_small_location_default.png'></span><span class=""surl-text"">济南</span></a> <a data-url=""http://t.cn/A6yYouiF"" href=""https://m.weibo.cn/p/index?containerid=2304444527780377853956&url_type=39&object_type=video&pos=1&luicode=10000011&lfid=1076032830678474"" data-hide=""""><span class='url-icon'><img style='width: 1rem;height: 1rem' src='https://h5.sinaimg.cn/upload/2015/09/25/3/timeline_card_small_video_default.png'></span><span class=""surl-text"">崔庆才丨静觅的微博视频</span></a> ",10,7,0
4527282934256454,咋没有写老特？因为刷的太频繁了直接被发现了吗？,0,5,0
4527282414685304,"<span class=""url-icon""><img alt=[吃惊] src=""https://h5.sinaimg.cn/m/emoticon/icon/default/d_chijing-e806473437.png"" style=""width:1em; height:1em;"" /></span><span class=""url-icon""><img alt=[吃惊] src=""https://h5.sinaimg.cn/m/emoticon/icon/default/d_chijing-e806473437.png"" style=""width:1em; height:1em;"" /></span><span class=""url-icon""><img alt=[吃惊] src=""https://h5.sinaimg.cn/m/emoticon/icon/default/d_chijing-e806473437.png"" style=""width:1em; height:1em;"" /></span><span class=""url-icon""><img alt=[吃惊] src=""https://h5.sinaimg.cn/m/emoticon/icon/default/d_chijing-e806473437.png"" style=""width:1em; height:1em;"" /></span><a href='/n/长泽牙妹'>@长泽牙妹</a>",0,0,0
id,text,attitudes,comments,reposts
4525957304939421,"<span class=""url-icon""><img alt=[嘻嘻] src=""https://h5.sinaimg.cn/m/emoticon/icon/default/d_xixi-813ededea2.png"" style=""width:1em; height:1em;"" /></span>",2,0,0
4524759205246322,"真是不可思议，突然想到了一个 idea，然后展开想了想貌似可以开拓一个新的研究领域，然后我突然就萌生了读博的想法？？？<br />年轻人真是冲动啊，不过这说明我还年轻。<span class=""url-icon""><img alt=[嘻嘻] src=""https://h5.sinaimg.cn/m/emoticon/icon/default/d_xixi-813ededea2.png"" style=""width:1em; height:1em;"" /></span><span class=""url-icon""><img alt=[嘻嘻] src=""https://h5.sinaimg.cn/m/emoticon/icon/default/d_xixi-813ededea2.png"" style=""width:1em; height:1em;"" /></span><span class=""url-icon""><img alt=[嘻嘻] src=""https://h5.sinaimg.cn/m/emoticon/icon/default/d_xixi-813ededea2.png"" style=""width:1em; height:1em;"" /></span> ",21,6,0
4522770660387278,"<span class=""url-icon""><img alt=[跪了] src=""https://h5.sinaimg.cn/m/emoticon/icon/default/d_guile-7b3e474f7f.png"" style=""width:1em; height:1em;"" /></span><span class=""url-icon""><img alt=[跪了] src=""https://h5.sinaimg.cn/m/emoticon/icon/default/d_guile-7b3e474f7f.png"" style=""width:1em; height:1em;"" /></span><span class=""url-icon""><img alt=[跪了] src=""https://h5.sinaimg.cn/m/emoticon/icon/default/d_guile-7b3e474f7f.png"" style=""width:1em; height:1em;"" /></span>晚上下了雨感觉还挺凉快的，就开了个窗户，于是就进来了各种蚊子🦟。<br /><span class=""url-icon""><img alt=[跪了] src=""https://h5.sinaimg.cn/m/emoticon/icon/default/d_guile-7b3e474f7f.png"" style=""width:1em; height:1em;"" /></span><span class=""url-icon""><img alt=[跪了] src=""https://h5.sinaimg.cn/m/emoticon/icon/default/d_guile-7b3e474f7f.png"" style=""width:1em; height:1em;"" /></span><span class=""url-icon""><img alt=[跪了] src=""https://h5.sinaimg.cn/m/emoticon/icon/default/d_guile-7b3e474f7f.png"" style=""width:1em; height:1em;"" /></span>花露水没了，今晚该怎么过。 ",6,2,0
4521265567630156,"今天过了一个好开心的二十六周岁生日，我老婆和爸爸妈妈都给我发了大红包，老婆还给我订了哈根达斯巧克力蛋糕、三汁焖锅、牛排、小吃，超级好吃！跟室友和老婆一起云唱生日歌，我许了好多大大的愿望，希望都可以成真呀！<span class=""url-icon""><img alt=[憧憬] src=""https://h5.sinaimg.cn/m/emoticon/icon/default/d_xingxingyan-06a3ca0ae4.png"" style=""width:1em; height:1em;"" /></span><span class=""url-icon""><img alt=[憧憬] src=""https://h5.sinaimg.cn/m/emoticon/icon/default/d_xingxingyan-06a3ca0ae4.png"" style=""width:1em; height:1em;"" /></span><span class=""url-icon""><img alt=[憧憬] src=""https://h5.sinaimg.cn/m/emoticon/icon/default/d_xingxingyan-06a3ca0ae4.png"" style=""width:1em; height:1em;"" /></span><span class=""url-icon""><img alt=[憧憬] src=""https://h5.sinaimg.cn/m/emoticon/icon/default/d_xingxingyan-06a3ca0ae4.png"" style=""width:1em; height:1em;"" /></span><span class=""url-icon""><img alt=[憧憬] src=""https://h5.sinaimg.cn/m/emoticon/icon/default/d_xingxingyan-06a3ca0ae4.png"" style=""width:1em; height:1em;"" /></span> ",30,13,0
4520026164311692,"<span class=""url-icon""><img alt=[跪了] src=""https://h5.sinaimg.cn/m/emoticon/icon/default/d_guile-7b3e474f7f.png"" style=""width:1em; height:1em;"" /></span>//<a href='/n/bluekaye'>@bluekaye</a>: 狂欢是你们的，孤单是北京的",0,1,0
4519801776571076,"大家好久不见呀！<span class=""url-icon""><img alt=[馋嘴] src=""https://h5.sinaimg.cn/m/emoticon/icon/default/d_chanzui-01ee2388fd.png"" style=""width:1em; height:1em;"" /></span><br />想我了吧，我来了！[嘿哈]<br />我来秀老婆啦！！<span class=""url-icon""><img alt=[哈哈] src=""https://h5.sinaimg.cn/m/emoticon/icon/default/d_haha-dd1c6d36cf.png"" style=""width:1em; height:1em;"" /></span><span class=""url-icon""><img alt=[哈哈] src=""https://h5.sinaimg.cn/m/emoticon/icon/default/d_haha-dd1c6d36cf.png"" style=""width:1em; height:1em;"" /></span><span class=""url-icon""><img alt=[哈哈] src=""https://h5.sinaimg.cn/m/emoticon/icon/default/d_haha-dd1c6d36cf.png"" style=""width:1em; height:1em;"" /></span><br />我老婆也太好看了吧！！！<span class=""url-icon""><img alt=[憧憬] src=""https://h5.sinaimg.cn/m/emoticon/icon/default/d_xingxingyan-06a3ca0ae4.png"" style=""width:1em; height:1em;"" /></span><span class=""url-icon""><img alt=[憧憬] src=""https://h5.sinaimg.cn/m/emoticon/icon/default/d_xingxingyan-06a3ca0ae4.png"" style=""width:1em; height:1em;"" /></span><span class=""url-icon""><img alt=[憧憬] src=""https://h5.sinaimg.cn/m/emoticon/icon/default/d_xingxingyan-06a3ca0ae4.png"" style=""width:1em; height:1em;"" /></span><span class=""url-icon""><img alt=[憧憬] src=""https://h5.sinaimg.cn/m/emoticon/icon/default/d_xingxingyan-06a3ca0ae4.png"" style=""width:1em; height:1em;"" /></span><span class=""url-icon""><img alt=[憧憬] src=""https://h5.sinaimg.cn/m/emoticon/icon/default/d_xingxingyan-06a3ca0ae4.png"" style=""width:1em; height:1em;"" /></span><span class=""url-icon""><img alt=[憧憬] src=""https://h5.sinaimg.cn/m/emoticon/icon/default/d_xingxingyan-06a3ca0ae4.png"" style=""width:1em; height:1em;"" /></span><span class=""url-icon""><img alt=[憧憬] src=""https://h5.sinaimg.cn/m/emoticon/icon/default/d_xingxingyan-06a3ca0ae4.png"" style=""width:1em; height:1em;"" /></span><span class=""url-icon""><img alt=[憧憬] src=""https://h5.sinaimg.cn/m/emoticon/icon/default/d_xingxingyan-06a3ca0ae4.png"" style=""width:1em; height:1em;"" /></span><br />大家再见。<span class=""url-icon""><img alt=[嘻嘻] src=""https://h5.sinaimg.cn/m/emoticon/icon/default/d_xixi-813ededea2.png"" style=""width:1em; height:1em;"" /></span><span class=""url-icon""><img alt=[嘻嘻] src=""https://h5.sinaimg.cn/m/emoticon/icon/default/d_xixi-813ededea2.png"" style=""width:1em; height:1em;"" /></span><span class=""url-icon""><img alt=[嘻嘻] src=""https://h5.sinaimg.cn/m/emoticon/icon/default/d_xixi-813ededea2.png"" style=""width:1em; height:1em;"" /></span><span class=""url-icon""><img alt=[嘻嘻] src=""https://h5.sinaimg.cn/m/emoticon/icon/default/d_xixi-813ededea2.png"" style=""width:1em; height:1em;"" /></span><span class=""url-icon""><img alt=[嘻嘻] src=""https://h5.sinaimg.cn/m/emoticon/icon/default/d_xixi-813ededea2.png"" style=""width:1em; height:1em;"" /></span><span class=""url-icon""><img alt=[嘻嘻] src=""https://h5.sinaimg.cn/m/emoticon/icon/default/d_xixi-813ededea2.png"" style=""width:1em; height:1em;"" /></span> ",36,4,0
4516822408046339,"笑死我了，我老婆最近学英语嘛不是，昨天看到了一个英语外教头像好帅就果断报名远程口语课了。<br />结果今天一上课，看到这老师长这样了。<br />我老婆问，你疫情期间在家干嘛呢？他说我在家吃东西吃这么胖了哈哈哈哈。<br />真是一胖毁所有啊哈哈哈哈。<br /><a href='/n/长泽牙妹'>@长泽牙妹</a> 你看还是你老公我最帅吧对不对。<span class=""url-icon""><img alt=[哈哈] src=""https://h5.sinaimg.cn/m/emoticon/icon/default/d_haha-dd1c6d36cf.png"" style=""width:1em; height:1em;"" /></span><span class=""url-icon""><img alt=[哈哈] src=""https://h5.sinaimg.cn/m/emoticon/icon/default/d_haha-dd1c6d36cf.png"" style=""width:1em; height:1em;"" /></span><span class=""url-icon""><img alt=[哈哈] src=""https://h5.sinaimg.cn/m/emoticon/icon/default/d_haha-dd1c6d36cf.png"" style=""width:1em; height:1em;"" /></span> ...<a href=""/status/4516822408046339"">全文</a>",11,5,1
4516579494515542,"<span class=""url-icon""><img alt=[允悲] src=""https://h5.sinaimg.cn/m/emoticon/icon/default/d_yunbei-9aa3c436a4.png"" style=""width:1em; height:1em;"" /></span><span class=""url-icon""><img alt=[允悲] src=""https://h5.sinaimg.cn/m/emoticon/icon/default/d_yunbei-9aa3c436a4.png"" style=""width:1em; height:1em;"" /></span><span class=""url-icon""><img alt=[允悲] src=""https://h5.sinaimg.cn/m/emoticon/icon/default/d_yunbei-9aa3c436a4.png"" style=""width:1em; height:1em;"" /></span><span class=""url-icon""><img alt=[允悲] src=""https://h5.sinaimg.cn/m/emoticon/icon/default/d_yunbei-9aa3c436a4.png"" style=""width:1em; height:1em;"" /></span>今天一共开了八个会，终于结束了。<span class=""url-icon""><img alt=[跪了] src=""https://h5.sinaimg.cn/m/emoticon/icon/default/d_guile-7b3e474f7f.png"" style=""width:1em; height:1em;"" /></span><span class=""url-icon""><img alt=[跪了] src=""https://h5.sinaimg.cn/m/emoticon/icon/default/d_guile-7b3e474f7f.png"" style=""width:1em; height:1em;"" /></span><span class=""url-icon""><img alt=[跪了] src=""https://h5.sinaimg.cn/m/emoticon/icon/default/d_guile-7b3e474f7f.png"" style=""width:1em; height:1em;"" /></span> <a data-url=""http://t.cn/ELT0hke"" href=""https://m.weibo.cn/p/index?containerid=23065700428008611000000000000&luicode=10000011&lfid=1076032830678474"" data-hide=""""><span class='url-icon'><img style='width: 1rem;height: 1rem' src='https://h5.sinaimg.cn/upload/2015/09/25/3/timeline_card_small_location_default.png'></span><span class=""surl-text"">北京</span></a> ",6,1,0
4515643564676096,"<span class=""url-icon""><img alt=[跪了] src=""https://h5.sinaimg.cn/m/emoticon/icon/default/d_guile-7b3e474f7f.png"" style=""width:1em; height:1em;"" /></span><span class=""url-icon""><img alt=[跪了] src=""https://h5.sinaimg.cn/m/emoticon/icon/default/d_guile-7b3e474f7f.png"" style=""width:1em; height:1em;"" /></span><span class=""url-icon""><img alt=[跪了] src=""https://h5.sinaimg.cn/m/emoticon/icon/default/d_guile-7b3e474f7f.png"" style=""width:1em; height:1em;"" /></span>",0,0,0
id,text,attitudes,comments,reposts
4514252406334323,"我这个博客 <a data-url=""http://t.cn/Rz5R2mT"" href=""https://cuiqingcai.com?luicode=10000011&lfid=1076032830678474&u=https%3A%2F%2Fcuiqingcai.com"" data-hide=""""><span class='url-icon'><img style='width: 1rem;height: 1rem' src='//h5.sinaimg.cn/upload/2015/09/25/3/timeline_card_small_web_default.png'></span><span class=""surl-text"">网页链接</span></a> 最近一直不太行，初步排查一直有持续的被攻击现象，加了防护、CDN 都没啥用，而且是白天不行，深夜就没啥事，难道你这攻击还分时间段休息？本来一台机子扛不住，我想着，那我多加点主机行了吧，我试着把博客迁移了 Kubernetes 加了 10  个 Pod 来 Serve 也还是超慢。我 ...<a href=""/status/4514252406334323"">全文</a>",3,11,1
4513306594949717,"<span class=""url-icon""><img alt=[憧憬] src=""https://h5.sinaimg.cn/m/emoticon/icon/default/d_xingxingyan-06a3ca0ae4.png"" style=""width:1em; height:1em;"" /></span><span class=""url-icon""><img alt=[憧憬] src=""https://h5.sinaimg.cn/m/emoticon/icon/default/d_xingxingyan-06a3ca0ae4.png"" style=""width:1em; height:1em;"" /></span><span class=""url-icon""><img alt=[憧憬] src=""https://h5.sinaimg.cn/m/emoticon/icon/default/d_xingxingyan-06a3ca0ae4.png"" style=""width:1em; height:1em;"" /></span>我老婆的大长腿！！",3,2,0
4513126970648098,"<span class=""url-icon""><img alt=[吃惊] src=""https://h5.sinaimg.cn/m/emoticon/icon/default/d_chijing-e806473437.png"" style=""width:1em; height:1em;"" /></span><span class=""url-icon""><img alt=[吃惊] src=""https://h5.sinaimg.cn/m/emoticon/icon/default/d_chijing-e806473437.png"" style=""width:1em; height:1em;"" /></span><span class=""url-icon""><img alt=[吃惊] src=""https://h5.sinaimg.cn/m/emoticon/icon/default/d_chijing-e806473437.png"" style=""width:1em; height:1em;"" /></span><br />卧槽我已经十多天没发微博了。，赶紧水一条压压惊。 ",4,4,0
4508249967769634,"好吃！<span class=""url-icon""><img alt=[馋嘴] src=""https://h5.sinaimg.cn/m/emoticon/icon/default/d_chanzui-01ee2388fd.png"" style=""width:1em; height:1em;"" /></span> <a data-url=""http://t.cn/RvHxyAm"" href=""https://m.weibo.cn/p/index?containerid=2306570042B2094757D46DA3F44192&luicode=10000011&lfid=1076032830678474"" data-hide=""""><span class='url-icon'><img style='width: 1rem;height: 1rem' src='https://h5.sinaimg.cn/upload/2015/09/25/3/timeline_card_small_location_default.png'></span><span class=""surl-text"">济南·牛蛙王子</span></a> ",5,9,0
4508139540618968,"老婆开车带我兜风啦！<span class=""url-icon""><img alt=[doge] src=""https://h5.sinaimg.cn/m/emoticon/icon/others/d_doge-861403219c.png"" style=""width:1em; height:1em;"" /></span> <a data-url=""http://t.cn/E7VhNak"" href=""https://m.weibo.cn/p/index?containerid=23065700428008637010000000000&luicode=10000011&lfid=1076032830678474"" data-hide=""""><span class='url-icon'><img style='width: 1rem;height: 1rem' src='https://h5.sinaimg.cn/upload/2015/09/25/3/timeline_card_small_location_default.png'></span><span class=""surl-text"">济南</span></a> <a data-url=""http://t.cn/A62qx9aw"" href=""https://m.weibo.cn/p/index?containerid=2304444508139488477186&url_type=39&object_type=video&pos=1&luicode=10000011&lfid=1076032830678474"" data-hide=""""><span class='url-icon'><img style='width: 1rem;height: 1rem' src='https://h5.sinaimg.cn/upload/2015/09/25/3/timeline_card_small_video_default.png'></span><span class=""surl-text"">崔庆才丨静觅的微博视频</span></a> ",12,8,0
4508047348720062,"第一次体验送餐机器人，好玩好玩！<span class=""url-icon""><img alt=[憧憬] src=""https://h5.sinaimg.cn/m/emoticon/icon/default/d_xingxingyan-06a3ca0ae4.png"" style=""width:1em; height:1em;"" /></span> <a data-url=""http://t.cn/Rf2u0xD"" href=""https://m.weibo.cn/p/index?containerid=23065700428008637090000000000&luicode=10000011&lfid=1076032830678474"" data-hide=""""><span class='url-icon'><img style='width: 1rem;height: 1rem' src='https://h5.sinaimg.cn/upload/2015/09/25/3/timeline_card_small_location_default.png'></span><span class=""surl-text"">泰安</span></a> <a data-url=""http://t.cn/A62GnQhn"" href=""https://m.weibo.cn/p/index?containerid=2304444508047205138437&url_type=39&object_type=video&pos=1&luicode=10000011&lfid=1076032830678474"" data-hide=""""><span class='url-icon'><img style='width: 1rem;height: 1rem' src='https://h5.sinaimg.cn/upload/2015/09/25/3/timeline_card_small_video_default.png'></span><span class=""surl-text"">崔庆才丨静觅的微博视频</span></a> ",6,12,2
4507860296536422,"<span class=""url-icon""><img alt=[哈哈] src=""https://h5.sinaimg.cn/m/emoticon/icon/default/d_haha-dd1c6d36cf.png"" style=""width:1em; height:1em;"" /></span><span class=""url-icon""><img alt=[哈哈] src=""https://h5.sinaimg.cn/m/emoticon/icon/default/d_haha-dd1c6d36cf.png"" style=""width:1em; height:1em;"" /></span><span class=""url-icon""><img alt=[哈哈] src=""https://h5.sinaimg.cn/m/emoticon/icon/default/d_haha-dd1c6d36cf.png"" style=""width:1em; height:1em;"" /></span> <a data-url=""http://t.cn/Rf2u0xD"" href=""https://m.weibo.cn/p/index?containerid=23065700428008637090000000000&luicode=10000011&lfid=1076032830678474"" data-hide=""""><span class='url-icon'><img style='width: 1rem;height: 1rem' src='https://h5.sinaimg.cn/upload/2015/09/25/3/timeline_card_small_location_default.png'></span><span class=""surl-text"">泰安</span></a> <a data-url=""http://t.cn/A62bgZMw"" href=""https://m.weibo.cn/p/index?containerid=2304444507860101693478&url_type=39&object_type=video&pos=1&luicode=10000011&lfid=1076032830678474"" data-hide=""""><span class='url-icon'><img style='width: 1rem;height: 1rem' src='https://h5.sinaimg.cn/upload/2015/09/25/3/timeline_card_small_video_default.png'></span><span class=""surl-text"">崔庆才丨静觅的微博视频</span></a> ",7,1,0
4507502667978566,"来泰山的第一顿！<span class=""url-icon""><img alt=[憧憬] src=""https://h5.sinaimg.cn/m/emoticon/icon/default/d_xingxingyan-06a3ca0ae4.png"" style=""width:1em; height:1em;"" /></span><span class=""url-icon""><img alt=[憧憬] src=""https://h5.sinaimg.cn/m/emoticon/icon/default/d_xingxingyan-06a3ca0ae4.png"" style=""width:1em; height:1em;"" /></span><span class=""url-icon""><img alt=[憧憬] src=""https://h5.sinaimg.cn/m/emoticon/icon/default/d_xingxingyan-06a3ca0ae4.png"" style=""width:1em; height:1em;"" /></span><span class=""url-icon""><img alt=[憧憬] src=""https://h5.sinaimg.cn/m/emoticon/icon/default/d_xingxingyan-06a3ca0ae4.png"" style=""width:1em; height:1em;"" /></span> ",8,2,1
4507487094518177,我来追你啦！ ,5,3,0
4507390357645852,"<span class=""url-icon""><img alt=[憧憬] src=""https://h5.sinaimg.cn/m/emoticon/icon/default/d_xingxingyan-06a3ca0ae4.png"" style=""width:1em; height:1em;"" /></span><span class=""url-icon""><img alt=[憧憬] src=""https://h5.sinaimg.cn/m/emoticon/icon/default/d_xingxingyan-06a3ca0ae4.png"" style=""width:1em; height:1em;"" /></span><span class=""url-icon""><img alt=[憧憬] src=""https://h5.sinaimg.cn/m/emoticon/icon/default/d_xingxingyan-06a3ca0ae4.png"" style=""width:1em; height:1em;"" /></span><span class=""url-icon""><img alt=[憧憬] src=""https://h5.sinaimg.cn/m/emoticon/icon/default/d_xingxingyan-06a3ca0ae4.png"" style=""width:1em; height:1em;"" /></span><span class=""url-icon""><img alt=[憧憬] src=""https://h5.sinaimg.cn/m/emoticon/icon/default/d_xingxingyan-06a3ca0ae4.png"" style=""width:1em; height:1em;"" /></span><span class=""url-icon""><img alt=[憧憬] src=""https://h5.sinaimg.cn/m/emoticon/icon/default/d_xingxingyan-06a3ca0ae4.png"" style=""width:1em; height:1em;"" /></span>老婆我来啦！",3,0,0
id,text,attitudes,comments,reposts
4507388651165207,"生产力又可以再上一个新台阶了！<span class=""url-icon""><img alt=[憧憬] src=""https://h5.sinaimg.cn/m/emoticon/icon/default/d_xingxingyan-06a3ca0ae4.png"" style=""width:1em; height:1em;"" /></span><span class=""url-icon""><img alt=[憧憬] src=""https://h5.sinaimg.cn/m/emoticon/icon/default/d_xingxingyan-06a3ca0ae4.png"" style=""width:1em; height:1em;"" /></span><span class=""url-icon""><img alt=[憧憬] src=""https://h5.sinaimg.cn/m/emoticon/icon/default/d_xingxingyan-06a3ca0ae4.png"" style=""width:1em; height:1em;"" /></span> ",10,7,0
4506840937246905,大半夜的越想越气了…我就是不想任人摆布，即使我自己摸爬滚打。 <br />但现在还是得忍。 <br />那后面就用自己的本事来说话吧。 ,19,5,0
4506623982920496,"<span class=""url-icon""><img alt=[吃惊] src=""https://h5.sinaimg.cn/m/emoticon/icon/default/d_chijing-e806473437.png"" style=""width:1em; height:1em;"" /></span><span class=""url-icon""><img alt=[吃惊] src=""https://h5.sinaimg.cn/m/emoticon/icon/default/d_chijing-e806473437.png"" style=""width:1em; height:1em;"" /></span><span class=""url-icon""><img alt=[吃惊] src=""https://h5.sinaimg.cn/m/emoticon/icon/default/d_chijing-e806473437.png"" style=""width:1em; height:1em;"" /></span><span class=""url-icon""><img alt=[吃惊] src=""https://h5.sinaimg.cn/m/emoticon/icon/default/d_chijing-e806473437.png"" style=""width:1em; height:1em;"" /></span><span class=""url-icon""><img alt=[吃惊] src=""https://h5.sinaimg.cn/m/emoticon/icon/default/d_chijing-e806473437.png"" style=""width:1em; height:1em;"" /></span> ",15,9,0
4506080321523983,还是要为自己打工才是最靠谱的。 ,18,4,0
4505521074245581,"再次恭喜我老婆顺利考过科目二啦！！！！！<span class=""url-icon""><img alt=[憧憬] src=""https://h5.sinaimg.cn/m/emoticon/icon/default/d_xingxingyan-06a3ca0ae4.png"" style=""width:1em; height:1em;"" /></span><span class=""url-icon""><img alt=[憧憬] src=""https://h5.sinaimg.cn/m/emoticon/icon/default/d_xingxingyan-06a3ca0ae4.png"" style=""width:1em; height:1em;"" /></span><span class=""url-icon""><img alt=[憧憬] src=""https://h5.sinaimg.cn/m/emoticon/icon/default/d_xingxingyan-06a3ca0ae4.png"" style=""width:1em; height:1em;"" /></span><span class=""url-icon""><img alt=[憧憬] src=""https://h5.sinaimg.cn/m/emoticon/icon/default/d_xingxingyan-06a3ca0ae4.png"" style=""width:1em; height:1em;"" /></span><span class=""url-icon""><img alt=[憧憬] src=""https://h5.sinaimg.cn/m/emoticon/icon/default/d_xingxingyan-06a3ca0ae4.png"" style=""width:1em; height:1em;"" /></span><span class=""url-icon""><img alt=[憧憬] src=""https://h5.sinaimg.cn/m/emoticon/icon/default/d_xingxingyan-06a3ca0ae4.png"" style=""width:1em; height:1em;"" /></span><span class=""url-icon""><img alt=[憧憬] src=""https://h5.sinaimg.cn/m/emoticon/icon/default/d_xingxingyan-06a3ca0ae4.png"" style=""width:1em; height:1em;"" /></span><span class=""url-icon""><img alt=[憧憬] src=""https://h5.sinaimg.cn/m/emoticon/icon/default/d_xingxingyan-06a3ca0ae4.png"" style=""width:1em; height:1em;"" /></span><span class=""url-icon""><img alt=[憧憬] src=""https://h5.sinaimg.cn/m/emoticon/icon/default/d_xingxingyan-06a3ca0ae4.png"" style=""width:1em; height:1em;"" /></span><span class=""url-icon""><img alt=[憧憬] src=""https://h5.sinaimg.cn/m/emoticon/icon/default/d_xingxingyan-06a3ca0ae4.png"" style=""width:1em; height:1em;"" /></span><span class=""url-icon""><img alt=[憧憬] src=""https://h5.sinaimg.cn/m/emoticon/icon/default/d_xingxingyan-06a3ca0ae4.png"" style=""width:1em; height:1em;"" /></span><span class=""url-icon""><img alt=[憧憬] src=""https://h5.sinaimg.cn/m/emoticon/icon/default/d_xingxingyan-06a3ca0ae4.png"" style=""width:1em; height:1em;"" /></span> ",11,5,0
4505282720326425,"哇哇哇哇！！！我老婆给我买了一双超好看的鞋子！！<span class=""url-icon""><img alt=[憧憬] src=""https://h5.sinaimg.cn/m/emoticon/icon/default/d_xingxingyan-06a3ca0ae4.png"" style=""width:1em; height:1em;"" /></span><span class=""url-icon""><img alt=[憧憬] src=""https://h5.sinaimg.cn/m/emoticon/icon/default/d_xingxingyan-06a3ca0ae4.png"" style=""width:1em; height:1em;"" /></span><span class=""url-icon""><img alt=[憧憬] src=""https://h5.sinaimg.cn/m/emoticon/icon/default/d_xingxingyan-06a3ca0ae4.png"" style=""width:1em; height:1em;"" /></span><span class=""url-icon""><img alt=[憧憬] src=""https://h5.sinaimg.cn/m/emoticon/icon/default/d_xingxingyan-06a3ca0ae4.png"" style=""width:1em; height:1em;"" /></span><span class=""url-icon""><img alt=[憧憬] src=""https://h5.sinaimg.cn/m/emoticon/icon/default/d_xingxingyan-06a3ca0ae4.png"" style=""width:1em; height:1em;"" /></span><span class=""url-icon""><img alt=[憧憬] src=""https://h5.sinaimg.cn/m/emoticon/icon/default/d_xingxingyan-06a3ca0ae4.png"" style=""width:1em; height:1em;"" /></span><br />本来以为那么贵就不要了，但今天一拆快递发现了意外惊喜！！！<span class=""url-icon""><img alt=[憧憬] src=""https://h5.sinaimg.cn/m/emoticon/icon/default/d_xingxingyan-06a3ca0ae4.png"" style=""width:1em; height:1em;"" /></span><span class=""url-icon""><img alt=[憧憬] src=""https://h5.sinaimg.cn/m/emoticon/icon/default/d_xingxingyan-06a3ca0ae4.png"" style=""width:1em; height:1em;"" /></span><span class=""url-icon""><img alt=[憧憬] src=""https://h5.sinaimg.cn/m/emoticon/icon/default/d_xingxingyan-06a3ca0ae4.png"" style=""width:1em; height:1em;"" /></span><span class=""url-icon""><img alt=[憧憬] src=""https://h5.sinaimg.cn/m/emoticon/icon/default/d_xingxingyan-06a3ca0ae4.png"" style=""width:1em; height:1em;"" /></span><span class=""url-icon""><img alt=[憧憬] src=""https://h5.sinaimg.cn/m/emoticon/icon/default/d_xingxingyan-06a3ca0ae4.png"" style=""width:1em; height:1em;"" /></span><span class=""url-icon""><img alt=[憧憬] src=""https://h5.sinaimg.cn/m/emoticon/icon/default/d_xingxingyan-06a3ca0ae4.png"" style=""width:1em; height:1em;"" /></span><span class=""url-icon""><img alt=[憧憬] src=""https://h5.sinaimg.cn/m/emoticon/icon/default/d_xingxingyan-06a3ca0ae4.png"" style=""width:1em; height:1em;"" /></span><br />我老婆也太好了吧！<span class=""url-icon""><img alt=[哈哈] src=""https://h5.sinaimg.cn/m/emoticon/icon/default/d_haha-dd1c6d36cf.png"" style=""width:1em; height:1em;"" /></span><span class=""url-icon""><img alt=[哈哈] src=""https://h5.sinaimg.cn/m/emoticon/icon/default/d_haha-dd1c6d36cf.png"" style=""width:1em; height:1em;"" /></span><span class=""url-icon""><img alt=[哈哈] src=""https://h5.sinaimg.cn/m/emoticon/icon/default/d_haha-dd1c6d36cf.png"" style=""width:1em; height:1em;"" /></span><span class=""url-icon""><img alt=[哈哈] src=""https://h5.sinaimg.cn/m/emoticon/icon/default/d_haha-dd1c6d36cf.png"" style=""width:1em; height:1em;"" /></span> ",3,5,0
4505008852475433,"前天（现在已经凌晨了）因为事情太多，晚饭忘记了吃，到了晚上好饿，还有好多事情没有完成。肚子里空空的，直接喝了点凉咖啡。结果不知怎么的就开始肚子疼。咬牙坚持做完工作之后就躺下，翻来覆去因为肚子疼而睡不着。<br />差不多一夜没睡好吧。<br />昨天早上醒来之后感觉浑身乏力和发虚，身上哪哪都痛，感觉身 ...<a href=""/status/4505008852475433"">全文</a>",19,21,1
4503734745753402,"恭喜我老婆顺利考过科目三啦！！！！！<span class=""url-icon""><img alt=[憧憬] src=""https://h5.sinaimg.cn/m/emoticon/icon/default/d_xingxingyan-06a3ca0ae4.png"" style=""width:1em; height:1em;"" /></span><span class=""url-icon""><img alt=[憧憬] src=""https://h5.sinaimg.cn/m/emoticon/icon/default/d_xingxingyan-06a3ca0ae4.png"" style=""width:1em; height:1em;"" /></span><span class=""url-icon""><img alt=[憧憬] src=""https://h5.sinaimg.cn/m/emoticon/icon/default/d_xingxingyan-06a3ca0ae4.png"" style=""width:1em; height:1em;"" /></span><span class=""url-icon""><img alt=[憧憬] src=""https://h5.sinaimg.cn/m/emoticon/icon/default/d_xingxingyan-06a3ca0ae4.png"" style=""width:1em; height:1em;"" /></span><span class=""url-icon""><img alt=[憧憬] src=""https://h5.sinaimg.cn/m/emoticon/icon/default/d_xingxingyan-06a3ca0ae4.png"" style=""width:1em; height:1em;"" /></span><span class=""url-icon""><img alt=[憧憬] src=""https://h5.sinaimg.cn/m/emoticon/icon/default/d_xingxingyan-06a3ca0ae4.png"" style=""width:1em; height:1em;"" /></span><span class=""url-icon""><img alt=[憧憬] src=""https://h5.sinaimg.cn/m/emoticon/icon/default/d_xingxingyan-06a3ca0ae4.png"" style=""width:1em; height:1em;"" /></span><span class=""url-icon""><img alt=[憧憬] src=""https://h5.sinaimg.cn/m/emoticon/icon/default/d_xingxingyan-06a3ca0ae4.png"" style=""width:1em; height:1em;"" /></span><span class=""url-icon""><img alt=[憧憬] src=""https://h5.sinaimg.cn/m/emoticon/icon/default/d_xingxingyan-06a3ca0ae4.png"" style=""width:1em; height:1em;"" /></span><span class=""url-icon""><img alt=[憧憬] src=""https://h5.sinaimg.cn/m/emoticon/icon/default/d_xingxingyan-06a3ca0ae4.png"" style=""width:1em; height:1em;"" /></span><span class=""url-icon""><img alt=[憧憬] src=""https://h5.sinaimg.cn/m/emoticon/icon/default/d_xingxingyan-06a3ca0ae4.png"" style=""width:1em; height:1em;"" /></span><span class=""url-icon""><img alt=[憧憬] src=""https://h5.sinaimg.cn/m/emoticon/icon/default/d_xingxingyan-06a3ca0ae4.png"" style=""width:1em; height:1em;"" /></span> ",15,6,0
4503733184210733,"现在微博的短视频质量真的非常非常堪忧，比如你点开了一个，下滑或播完之后就会播下一个，然后就非常非常高概率看到那种沙雕视频或高晓松广告，最后实在觉得看不下去了愤而退出。<span class=""url-icon""><img alt=[允悲] src=""https://h5.sinaimg.cn/m/emoticon/icon/default/d_yunbei-9aa3c436a4.png"" style=""width:1em; height:1em;"" /></span><span class=""url-icon""><img alt=[允悲] src=""https://h5.sinaimg.cn/m/emoticon/icon/default/d_yunbei-9aa3c436a4.png"" style=""width:1em; height:1em;"" /></span><span class=""url-icon""><img alt=[允悲] src=""https://h5.sinaimg.cn/m/emoticon/icon/default/d_yunbei-9aa3c436a4.png"" style=""width:1em; height:1em;"" /></span><br />为了避免看这些视频浪费时间，我下载了一个微博国际版，乱七八糟的东西少多了，视频流没有了，看完一 ...<a href=""/status/4503733184210733"">全文</a>",3,6,1
4503569959791353,"现在的技术文其实很容易“洗稿”，比如之前我写过的爬虫系列文，不论是爬网站还是 App ，好多文章都是用了相同的案例和解决方案，甚至部分变量和方法名都一样。只要文字表述不同，那就可以成为一篇原创。可有些人就是不注明来源，不少机构甚至拿着这些案例或方案改改就开课了。<br />为了避免这种情况，现在 ...<a href=""/status/4503569959791353"">全文</a>",33,24,3
id,text,attitudes,comments,reposts
4502894978228864,我不是散播负能量，我就是单纯想吐槽阿里云，用了你一套 K8S 服务，我还以为是我哪里配的服务有问题，调了半天却原来是因为 Pod 连不上外网。还有你那个 OSS 的 Demo，响应头字段都能拼错，这是找了些什么程序员写的啊...用了你们这些服务白白多浪费我多少时间，从此我就是阿里云黑！,4,5,1
4502785762681110,"老詹，因为他最后会把球传给杜兰特。<span class=""url-icon""><img alt=[doge] src=""https://h5.sinaimg.cn/m/emoticon/icon/others/d_doge-861403219c.png"" style=""width:1em; height:1em;"" /></span>",1,0,0
4502439363799312,"不得不再继续吐槽阿里云，就单单 OSS 这个，这个权限控制这一套真是吐了血了，官方示例还写的这么烂，怎么运行也不把步骤写明白，实例页面还这么丑...<span class=""url-icon""><img alt=[二哈] src=""https://h5.sinaimg.cn/m/emoticon/icon/others/d_erha-0fecc90ac1.png"" style=""width:1em; height:1em;"" /></span><span class=""url-icon""><img alt=[二哈] src=""https://h5.sinaimg.cn/m/emoticon/icon/others/d_erha-0fecc90ac1.png"" style=""width:1em; height:1em;"" /></span><span class=""url-icon""><img alt=[二哈] src=""https://h5.sinaimg.cn/m/emoticon/icon/others/d_erha-0fecc90ac1.png"" style=""width:1em; height:1em;"" /></span><span class=""url-icon""><img alt=[二哈] src=""https://h5.sinaimg.cn/m/emoticon/icon/others/d_erha-0fecc90ac1.png"" style=""width:1em; height:1em;"" /></span> 趟你这坑的时间我都能自己从头写完了...",3,1,2
4502302137959560,"<span class=""url-icon""><img alt=[good] src=""https://h5.sinaimg.cn/m/emoticon/icon/others/h_good-644bcfa993.png"" style=""width:1em; height:1em;"" /></span><span class=""url-icon""><img alt=[good] src=""https://h5.sinaimg.cn/m/emoticon/icon/others/h_good-644bcfa993.png"" style=""width:1em; height:1em;"" /></span><span class=""url-icon""><img alt=[good] src=""https://h5.sinaimg.cn/m/emoticon/icon/others/h_good-644bcfa993.png"" style=""width:1em; height:1em;"" /></span>",2,1,3
4501893018102091,"<span class=""url-icon""><img alt=[馋嘴] src=""https://h5.sinaimg.cn/m/emoticon/icon/default/d_chanzui-01ee2388fd.png"" style=""width:1em; height:1em;"" /></span>等内部申请一个给老婆",2,11,0
4501534853821895,"<a  href=""https://m.weibo.cn/search?containerid=231522type%3D1%26t%3D10%26q%3D%23%E5%8C%97%E4%BA%AC%E5%81%A5%E5%BA%B7%E5%AE%9D%23&extparam=%23%E5%8C%97%E4%BA%AC%E5%81%A5%E5%BA%B7%E5%AE%9D%23&luicode=10000011&lfid=1076032830678474"" data-hide=""""><span class=""surl-text"">#北京健康宝#</span></a> 验证码都验证不了，这个垃圾健康宝！ 卡在公司楼下上不去了。<span class=""url-icon""><img alt=[二哈] src=""https://h5.sinaimg.cn/m/emoticon/icon/others/d_erha-0fecc90ac1.png"" style=""width:1em; height:1em;"" /></span><span class=""url-icon""><img alt=[二哈] src=""https://h5.sinaimg.cn/m/emoticon/icon/others/d_erha-0fecc90ac1.png"" style=""width:1em; height:1em;"" /></span><span class=""url-icon""><img alt=[二哈] src=""https://h5.sinaimg.cn/m/emoticon/icon/others/d_erha-0fecc90ac1.png"" style=""width:1em; height:1em;"" /></span><span class=""url-icon""><img alt=[二哈] src=""https://h5.sinaimg.cn/m/emoticon/icon/others/d_erha-0fecc90ac1.png"" style=""width:1em; height:1em;"" /></span> ",7,10,0
4501273930545950,"用了 Azure，再用阿里云，简直太难用了，尤其这个网络问题。<span class=""url-icon""><img alt=[允悲] src=""https://h5.sinaimg.cn/m/emoticon/icon/default/d_yunbei-9aa3c436a4.png"" style=""width:1em; height:1em;"" /></span><span class=""url-icon""><img alt=[允悲] src=""https://h5.sinaimg.cn/m/emoticon/icon/default/d_yunbei-9aa3c436a4.png"" style=""width:1em; height:1em;"" /></span><span class=""url-icon""><img alt=[允悲] src=""https://h5.sinaimg.cn/m/emoticon/icon/default/d_yunbei-9aa3c436a4.png"" style=""width:1em; height:1em;"" /></span><span class=""url-icon""><img alt=[允悲] src=""https://h5.sinaimg.cn/m/emoticon/icon/default/d_yunbei-9aa3c436a4.png"" style=""width:1em; height:1em;"" /></span> ",5,5,3
4500974129771051,"已入手新的生产力工具！<span class=""url-icon""><img alt=[馋嘴] src=""https://h5.sinaimg.cn/m/emoticon/icon/default/d_chanzui-01ee2388fd.png"" style=""width:1em; height:1em;"" /></span><span class=""url-icon""><img alt=[馋嘴] src=""https://h5.sinaimg.cn/m/emoticon/icon/default/d_chanzui-01ee2388fd.png"" style=""width:1em; height:1em;"" /></span><span class=""url-icon""><img alt=[馋嘴] src=""https://h5.sinaimg.cn/m/emoticon/icon/default/d_chanzui-01ee2388fd.png"" style=""width:1em; height:1em;"" /></span><br />投资更好的生产力工具，赚到更多的钱，和我老婆享受更美好的生活，我可以！我能行！<span class=""url-icon""><img alt=[憧憬] src=""https://h5.sinaimg.cn/m/emoticon/icon/default/d_xingxingyan-06a3ca0ae4.png"" style=""width:1em; height:1em;"" /></span><span class=""url-icon""><img alt=[憧憬] src=""https://h5.sinaimg.cn/m/emoticon/icon/default/d_xingxingyan-06a3ca0ae4.png"" style=""width:1em; height:1em;"" /></span><span class=""url-icon""><img alt=[憧憬] src=""https://h5.sinaimg.cn/m/emoticon/icon/default/d_xingxingyan-06a3ca0ae4.png"" style=""width:1em; height:1em;"" /></span><a href='/n/长泽牙妹'>@长泽牙妹</a> ",17,29,2
4500965749237641,"<span class=""url-icon""><img alt=[doge] src=""https://h5.sinaimg.cn/m/emoticon/icon/others/d_doge-861403219c.png"" style=""width:1em; height:1em;"" /></span>我选择16寸",0,1,0
4500953992106616,"<span class=""url-icon""><img alt=[嘻嘻] src=""https://h5.sinaimg.cn/m/emoticon/icon/default/d_xixi-813ededea2.png"" style=""width:1em; height:1em;"" /></span><span class=""url-icon""><img alt=[嘻嘻] src=""https://h5.sinaimg.cn/m/emoticon/icon/default/d_xixi-813ededea2.png"" style=""width:1em; height:1em;"" /></span><span class=""url-icon""><img alt=[嘻嘻] src=""https://h5.sinaimg.cn/m/emoticon/icon/default/d_xixi-813ededea2.png"" style=""width:1em; height:1em;"" /></span><span class=""url-icon""><img alt=[嘻嘻] src=""https://h5.sinaimg.cn/m/emoticon/icon/default/d_xixi-813ededea2.png"" style=""width:1em; height:1em;"" /></span>//<a href='/n/阿越今天见到杜兰特了吗'>@阿越今天见到杜兰特了吗</a>:笑起来也太憨了，哈哈哈哈哈哈哈哈哈",0,0,0
id,text,attitudes,comments,reposts
4500851547135173,"我真的佛了ym了。<span class=""url-icon""><img alt=[二哈] src=""https://h5.sinaimg.cn/m/emoticon/icon/others/d_erha-0fecc90ac1.png"" style=""width:1em; height:1em;"" /></span><span class=""url-icon""><img alt=[二哈] src=""https://h5.sinaimg.cn/m/emoticon/icon/others/d_erha-0fecc90ac1.png"" style=""width:1em; height:1em;"" /></span><span class=""url-icon""><img alt=[二哈] src=""https://h5.sinaimg.cn/m/emoticon/icon/others/d_erha-0fecc90ac1.png"" style=""width:1em; height:1em;"" /></span><span class=""url-icon""><img alt=[二哈] src=""https://h5.sinaimg.cn/m/emoticon/icon/others/d_erha-0fecc90ac1.png"" style=""width:1em; height:1em;"" /></span><span class=""url-icon""><img alt=[二哈] src=""https://h5.sinaimg.cn/m/emoticon/icon/others/d_erha-0fecc90ac1.png"" style=""width:1em; height:1em;"" /></span><span class=""url-icon""><img alt=[二哈] src=""https://h5.sinaimg.cn/m/emoticon/icon/others/d_erha-0fecc90ac1.png"" style=""width:1em; height:1em;"" /></span><br />杨幂李佳琦直播互怼。By: 你也太可爱了吧 👉 <a data-url=""http://t.cn/A6AiMH5I"" href=""http://s.zhihu.com/B9oOv?luicode=10000011&lfid=1076032830678474&u=http%3A%2F%2Fs.zhihu.com%2FB9oOv"" data-hide=""""><span class='url-icon'><img style='width: 1rem;height: 1rem' src='//h5.sinaimg.cn/upload/2015/09/25/3/timeline_card_small_web_default.png'></span><span class=""surl-text"">网页链接</span></a> <a data-url=""http://t.cn/Rx1Ez0H"" href=""https://m.weibo.cn/p/index?containerid=100404711598&luicode=10000011&lfid=1076032830678474"" data-hide=""""><span class='url-icon'><img style='width: 1rem;height: 1rem' src='https://h5.sinaimg.cn/upload/2015/09/25/3/timeline_card_small_appstore_default.png'></span><span class=""surl-text"">知乎</span></a> ",2,4,0
4500813193951033,"第四张我好帅！！！！！其他的大家忽略！<span class=""url-icon""><img alt=[嘻嘻] src=""https://h5.sinaimg.cn/m/emoticon/icon/default/d_xixi-813ededea2.png"" style=""width:1em; height:1em;"" /></span><span class=""url-icon""><img alt=[嘻嘻] src=""https://h5.sinaimg.cn/m/emoticon/icon/default/d_xixi-813ededea2.png"" style=""width:1em; height:1em;"" /></span><span class=""url-icon""><img alt=[嘻嘻] src=""https://h5.sinaimg.cn/m/emoticon/icon/default/d_xixi-813ededea2.png"" style=""width:1em; height:1em;"" /></span>",6,4,0
4500302739785420,"发现现在的Macbook Pro的运行速度已经赶不上我的编码和操控速度了，写这么点东西，开几个 Terminal 就反应不过来了，是时候换掉了。<span class=""url-icon""><img alt=[doge] src=""https://h5.sinaimg.cn/m/emoticon/icon/others/d_doge-861403219c.png"" style=""width:1em; height:1em;"" /></span> ",5,16,0
4499978007827754,"<span class=""url-icon""><img alt=[哈哈] src=""https://h5.sinaimg.cn/m/emoticon/icon/default/d_haha-dd1c6d36cf.png"" style=""width:1em; height:1em;"" /></span><span class=""url-icon""><img alt=[哈哈] src=""https://h5.sinaimg.cn/m/emoticon/icon/default/d_haha-dd1c6d36cf.png"" style=""width:1em; height:1em;"" /></span><span class=""url-icon""><img alt=[哈哈] src=""https://h5.sinaimg.cn/m/emoticon/icon/default/d_haha-dd1c6d36cf.png"" style=""width:1em; height:1em;"" /></span><span class=""url-icon""><img alt=[哈哈] src=""https://h5.sinaimg.cn/m/emoticon/icon/default/d_haha-dd1c6d36cf.png"" style=""width:1em; height:1em;"" /></span>不过今天时隔一百天又见到老婆啦，超级 超级开心！！！ ",12,3,0
4499977529648999,"跟一个人合作了个 Vue 前端项目，看到他写的代码真是被气炸，忍无可忍来吐槽下了。<br />1. 把整个 App.vue 布局都给我改了，每个页面强制出现侧边栏 aside，那是你首页的啊，我要写个不带边栏的页面你给我咋整？<br />2. 写了个全局 css 文件修改超链接颜色为白色？？？我说咋刷新了半天没字呢？<br />3. css 能不能 ...<a href=""/status/4499977529648999"">全文</a>",9,4,0
4499919526373657,不知道你有没有碰到过，别人问你个问题，然后你花了时间给他回答了，后面他就再也没有消息了，对此你作何感想？ ,16,26,2
id,text,attitudes,comments,reposts
4495119945852554,"<span class=""url-icon""><img alt=[憧憬] src=""https://h5.sinaimg.cn/m/emoticon/icon/default/d_xingxingyan-06a3ca0ae4.png"" style=""width:1em; height:1em;"" /></span><span class=""url-icon""><img alt=[憧憬] src=""https://h5.sinaimg.cn/m/emoticon/icon/default/d_xingxingyan-06a3ca0ae4.png"" style=""width:1em; height:1em;"" /></span><span class=""url-icon""><img alt=[憧憬] src=""https://h5.sinaimg.cn/m/emoticon/icon/default/d_xingxingyan-06a3ca0ae4.png"" style=""width:1em; height:1em;"" /></span><span class=""url-icon""><img alt=[憧憬] src=""https://h5.sinaimg.cn/m/emoticon/icon/default/d_xingxingyan-06a3ca0ae4.png"" style=""width:1em; height:1em;"" /></span><span class=""url-icon""><img alt=[憧憬] src=""https://h5.sinaimg.cn/m/emoticon/icon/default/d_xingxingyan-06a3ca0ae4.png"" style=""width:1em; height:1em;"" /></span><span class=""url-icon""><img alt=[憧憬] src=""https://h5.sinaimg.cn/m/emoticon/icon/default/d_xingxingyan-06a3ca0ae4.png"" style=""width:1em; height:1em;"" /></span><span class=""url-icon""><img alt=[憧憬] src=""https://h5.sinaimg.cn/m/emoticon/icon/default/d_xingxingyan-06a3ca0ae4.png"" style=""width:1em; height:1em;"" /></span>祝我老婆明天生日快乐！！！<span class=""url-icon""><img alt=[嘻嘻] src=""https://h5.sinaimg.cn/m/emoticon/icon/default/d_xixi-813ededea2.png"" style=""width:1em; height:1em;"" /></span><span class=""url-icon""><img alt=[嘻嘻] src=""https://h5.sinaimg.cn/m/emoticon/icon/default/d_xixi-813ededea2.png"" style=""width:1em; height:1em;"" /></span><span class=""url-icon""><img alt=[憧憬] src=""https://h5.sinaimg.cn/m/emoticon/icon/default/d_xingxingyan-06a3ca0ae4.png"" style=""width:1em; height:1em;"" /></span><span class=""url-icon""><img alt=[爱你] src=""https://h5.sinaimg.cn/m/emoticon/icon/default/d_aini-4a23c0524a.png"" style=""width:1em; height:1em;"" /></span><span class=""url-icon""><img alt=[爱你] src=""https://h5.sinaimg.cn/m/emoticon/icon/default/d_aini-4a23c0524a.png"" style=""width:1em; height:1em;"" /></span><span class=""url-icon""><img alt=[馋嘴] src=""https://h5.sinaimg.cn/m/emoticon/icon/default/d_chanzui-01ee2388fd.png"" style=""width:1em; height:1em;"" /></span><span class=""url-icon""><img alt=[挤眼] src=""https://h5.sinaimg.cn/m/emoticon/icon/default/d_jiyan-feeb0a726c.png"" style=""width:1em; height:1em;"" /></span><span class=""url-icon""><img alt=[舔屏] src=""https://h5.sinaimg.cn/m/emoticon/icon/default/d_tian-fe397541e6.png"" style=""width:1em; height:1em;"" /></span><span class=""url-icon""><img alt=[舔屏] src=""https://h5.sinaimg.cn/m/emoticon/icon/default/d_tian-fe397541e6.png"" style=""width:1em; height:1em;"" /></span><span class=""url-icon""><img alt=[色] src=""https://h5.sinaimg.cn/m/emoticon/icon/default/d_huaxin-36e1b80629.png"" style=""width:1em; height:1em;"" /></span><span class=""url-icon""><img alt=[憧憬] src=""https://h5.sinaimg.cn/m/emoticon/icon/default/d_xingxingyan-06a3ca0ae4.png"" style=""width:1em; height:1em;"" /></span><span class=""url-icon""><img alt=[憧憬] src=""https://h5.sinaimg.cn/m/emoticon/icon/default/d_xingxingyan-06a3ca0ae4.png"" style=""width:1em; height:1em;"" /></span><span class=""url-icon""><img alt=[污] src=""https://h5.sinaimg.cn/m/emoticon/icon/default/d_wu-12f8564d2b.png"" style=""width:1em; height:1em;"" /></span><span class=""url-icon""><img alt=[害羞] src=""https://h5.sinaimg.cn/m/emoticon/icon/default/d_haixiu-1c4cb9b053.png"" style=""width:1em; height:1em;"" /></span><span class=""url-icon""><img alt=[亲亲] src=""https://h5.sinaimg.cn/m/emoticon/icon/default/d_qinqin-ec0877767a.png"" style=""width:1em; height:1em;"" /></span><span class=""url-icon""><img alt=[亲亲] src=""https://h5.sinaimg.cn/m/emoticon/icon/default/d_qinqin-ec0877767a.png"" style=""width:1em; height:1em;"" /></span><span class=""url-icon""><img alt=[亲亲] src=""https://h5.sinaimg.cn/m/emoticon/icon/default/d_qinqin-ec0877767a.png"" style=""width:1em; height:1em;"" /></span><span class=""url-icon""><img alt=[亲亲] src=""https://h5.sinaimg.cn/m/emoticon/icon/default/d_qinqin-ec0877767a.png"" style=""width:1em; height:1em;"" /></span><span class=""url-icon""><img alt=[亲亲] src=""https://h5.sinaimg.cn/m/emoticon/icon/default/d_qinqin-ec0877767a.png"" style=""width:1em; height:1em;"" /></span><span class=""url-icon""><img alt=[亲亲] src=""https://h5.sinaimg.cn/m/emoticon/icon/default/d_qinqin-ec0877767a.png"" style=""width:1em; height:1em;"" /></span><span class=""url-icon""><img alt=[亲亲] src=""https://h5.sinaimg.cn/m/emoticon/icon/default/d_qinqin-ec0877767a.png"" style=""width:1em; height:1em;"" /></span>我还获取了老婆的专属称号—一名颇为厉害的全栈工程师哈哈！<span class=""url-icon""><img alt=[哈哈] src=""https://h5.sinaimg.cn/m/emoticon/icon/default/d_haha-dd1c6d36cf.png"" style=""width:1em; height:1em;"" /></span><span class=""url-icon""><img alt=[哈哈] src=""https://h5.sinaimg.cn/m/emoticon/icon/default/d_haha-dd1c6d36cf.png"" style=""width:1em; height:1em;"" /></span><span class=""url-icon""><img alt=[哈哈] src=""https://h5.sinaimg.cn/m/emoticon/icon/default/d_haha-dd1c6d36cf.png"" style=""width:1em; height:1em;"" /></span><span class=""url-icon""><img alt=[哈哈] src=""https://h5.sinaimg.cn/m/emoticon/icon/default/d_haha-dd1c6d36cf.png"" style=""width:1em; height:1em;"" /></span><span class=""url-icon""><img alt=[哈哈] src=""https://h5.sinaimg.cn/m/emoticon/icon/default/d_haha-dd1c6d36cf.png"" style=""width:1em; height:1em;"" /></span>",11,0,0
4493950310028252,"<span class=""url-icon""><img alt=[汗] src=""https://h5.sinaimg.cn/m/emoticon/icon/default/d_han-0e7b8aa6d1.png"" style=""width:1em; height:1em;"" /></span>//<a href='/n/兽爷'>@兽爷</a>:为了公益打起来了，这也太热心了",1,0,2
4493580020243702,"<span class=""url-icon""><img alt=[馋嘴] src=""https://h5.sinaimg.cn/m/emoticon/icon/default/d_chanzui-01ee2388fd.png"" style=""width:1em; height:1em;"" /></span><span class=""url-icon""><img alt=[馋嘴] src=""https://h5.sinaimg.cn/m/emoticon/icon/default/d_chanzui-01ee2388fd.png"" style=""width:1em; height:1em;"" /></span><span class=""url-icon""><img alt=[馋嘴] src=""https://h5.sinaimg.cn/m/emoticon/icon/default/d_chanzui-01ee2388fd.png"" style=""width:1em; height:1em;"" /></span><span class=""url-icon""><img alt=[馋嘴] src=""https://h5.sinaimg.cn/m/emoticon/icon/default/d_chanzui-01ee2388fd.png"" style=""width:1em; height:1em;"" /></span>比谁吃得多？<a href='/n/长泽牙妹'>@长泽牙妹</a> ",6,1,0
4492869958512993,"<span class=""url-icon""><img alt=[费解] src=""https://h5.sinaimg.cn/m/emoticon/icon/default/d_feijie-bac8e40ab4.png"" style=""width:1em; height:1em;"" /></span><span class=""url-icon""><img alt=[费解] src=""https://h5.sinaimg.cn/m/emoticon/icon/default/d_feijie-bac8e40ab4.png"" style=""width:1em; height:1em;"" /></span>",1,0,0
4492229336905383,"<span class=""url-icon""><img alt=[笑cry] src=""https://h5.sinaimg.cn/m/emoticon/icon/default/d_xiaoku-d320324f00.png"" style=""width:1em; height:1em;"" /></span>//<a href='/n/Snapdragon高通骁龙'>@Snapdragon高通骁龙</a>:iMask Pro，iMask Air，iMask mini",0,0,1
4491771729604507,"<span class=""url-icon""><img alt=[笑cry] src=""https://h5.sinaimg.cn/m/emoticon/icon/default/d_xiaoku-d320324f00.png"" style=""width:1em; height:1em;"" /></span><span class=""url-icon""><img alt=[笑cry] src=""https://h5.sinaimg.cn/m/emoticon/icon/default/d_xiaoku-d320324f00.png"" style=""width:1em; height:1em;"" /></span><span class=""url-icon""><img alt=[笑cry] src=""https://h5.sinaimg.cn/m/emoticon/icon/default/d_xiaoku-d320324f00.png"" style=""width:1em; height:1em;"" /></span>",9,1,3
4491568696162683,"<span class=""url-icon""><img alt=[费解] src=""https://h5.sinaimg.cn/m/emoticon/icon/default/d_feijie-bac8e40ab4.png"" style=""width:1em; height:1em;"" /></span><span class=""url-icon""><img alt=[费解] src=""https://h5.sinaimg.cn/m/emoticon/icon/default/d_feijie-bac8e40ab4.png"" style=""width:1em; height:1em;"" /></span><span class=""url-icon""><img alt=[费解] src=""https://h5.sinaimg.cn/m/emoticon/icon/default/d_feijie-bac8e40ab4.png"" style=""width:1em; height:1em;"" /></span>这都能上热搜第一？",2,2,1
4491255964280950,"今天梦里下卒咒//<a href='/n/长泽牙妹'>@长泽牙妹</a>:<span class=""url-icon""><img alt=[doge] src=""https://h5.sinaimg.cn/m/emoticon/icon/others/d_doge-861403219c.png"" style=""width:1em; height:1em;"" /></span>//<a href='/n/崔庆才丨静觅'>@崔庆才丨静觅</a>:好的<span class=""url-icon""><img alt=[ok] src=""https://h5.sinaimg.cn/m/emoticon/icon/others/h_ok-4bd9b83e8e.png"" style=""width:1em; height:1em;"" /></span>转发微博 //<a href='/n/长泽牙妹'>@长泽牙妹</a>:我不明面上骂她了 但我想骂她的时候就转发这条微博<span class=""url-icon""><img alt=[嘻嘻] src=""https://h5.sinaimg.cn/m/emoticon/icon/default/d_xixi-813ededea2.png"" style=""width:1em; height:1em;"" /></span><span class=""url-icon""><img alt=[嘻嘻] src=""https://h5.sinaimg.cn/m/emoticon/icon/default/d_xixi-813ededea2.png"" style=""width:1em; height:1em;"" /></span><span class=""url-icon""><img alt=[嘻嘻] src=""https://h5.sinaimg.cn/m/emoticon/icon/default/d_xixi-813ededea2.png"" style=""width:1em; height:1em;"" /></span>",1,0,0
4490766019563854,"<span class=""url-icon""><img alt=[允悲] src=""https://h5.sinaimg.cn/m/emoticon/icon/default/d_yunbei-9aa3c436a4.png"" style=""width:1em; height:1em;"" /></span><span class=""url-icon""><img alt=[允悲] src=""https://h5.sinaimg.cn/m/emoticon/icon/default/d_yunbei-9aa3c436a4.png"" style=""width:1em; height:1em;"" /></span><span class=""url-icon""><img alt=[允悲] src=""https://h5.sinaimg.cn/m/emoticon/icon/default/d_yunbei-9aa3c436a4.png"" style=""width:1em; height:1em;"" /></span><span class=""url-icon""><img alt=[允悲] src=""https://h5.sinaimg.cn/m/emoticon/icon/default/d_yunbei-9aa3c436a4.png"" style=""width:1em; height:1em;"" /></span><span class=""url-icon""><img alt=[允悲] src=""https://h5.sinaimg.cn/m/emoticon/icon/default/d_yunbei-9aa3c436a4.png"" style=""width:1em; height:1em;"" /></span><span class=""url-icon""><img alt=[允悲] src=""https://h5.sinaimg.cn/m/emoticon/icon/default/d_yunbei-9aa3c436a4.png"" style=""width:1em; height:1em;"" /></span><span class=""url-icon""><img alt=[允悲] src=""https://h5.sinaimg.cn/m/emoticon/icon/default/d_yunbei-9aa3c436a4.png"" style=""width:1em; height:1em;"" /></span>",2,0,2
id,text,attitudes,comments,reposts
4490695295389454,"<span class=""url-icon""><img alt=[笑cry] src=""https://h5.sinaimg.cn/m/emoticon/icon/default/d_xiaoku-d320324f00.png"" style=""width:1em; height:1em;"" /></span><span class=""url-icon""><img alt=[笑cry] src=""https://h5.sinaimg.cn/m/emoticon/icon/default/d_xiaoku-d320324f00.png"" style=""width:1em; height:1em;"" /></span><span class=""url-icon""><img alt=[笑cry] src=""https://h5.sinaimg.cn/m/emoticon/icon/default/d_xiaoku-d320324f00.png"" style=""width:1em; height:1em;"" /></span><span class=""url-icon""><img alt=[笑cry] src=""https://h5.sinaimg.cn/m/emoticon/icon/default/d_xiaoku-d320324f00.png"" style=""width:1em; height:1em;"" /></span><span class=""url-icon""><img alt=[笑cry] src=""https://h5.sinaimg.cn/m/emoticon/icon/default/d_xiaoku-d320324f00.png"" style=""width:1em; height:1em;"" /></span>",3,1,3
4490337135472453,"<span class=""url-icon""><img alt=[doge] src=""https://h5.sinaimg.cn/m/emoticon/icon/others/d_doge-861403219c.png"" style=""width:1em; height:1em;"" /></span>",0,0,0
4490300129184410,"<span class=""url-icon""><img alt=[允悲] src=""https://h5.sinaimg.cn/m/emoticon/icon/default/d_yunbei-9aa3c436a4.png"" style=""width:1em; height:1em;"" /></span><span class=""url-icon""><img alt=[允悲] src=""https://h5.sinaimg.cn/m/emoticon/icon/default/d_yunbei-9aa3c436a4.png"" style=""width:1em; height:1em;"" /></span><span class=""url-icon""><img alt=[允悲] src=""https://h5.sinaimg.cn/m/emoticon/icon/default/d_yunbei-9aa3c436a4.png"" style=""width:1em; height:1em;"" /></span><span class=""url-icon""><img alt=[允悲] src=""https://h5.sinaimg.cn/m/emoticon/icon/default/d_yunbei-9aa3c436a4.png"" style=""width:1em; height:1em;"" /></span><span class=""url-icon""><img alt=[笑cry] src=""https://h5.sinaimg.cn/m/emoticon/icon/default/d_xiaoku-d320324f00.png"" style=""width:1em; height:1em;"" /></span><span class=""url-icon""><img alt=[笑cry] src=""https://h5.sinaimg.cn/m/emoticon/icon/default/d_xiaoku-d320324f00.png"" style=""width:1em; height:1em;"" /></span>//<a href='/n/Tommy靠谱车行'>@Tommy靠谱车行</a>:讲真 这配置 真的是0风险",1,0,0
4490299454190946,//<a href='/n/52nlp'>@52nlp</a>:转发微博,0,0,0
4490299369808260,"<span class=""url-icon""><img alt=[二哈] src=""https://h5.sinaimg.cn/m/emoticon/icon/others/d_erha-0fecc90ac1.png"" style=""width:1em; height:1em;"" /></span><span class=""url-icon""><img alt=[二哈] src=""https://h5.sinaimg.cn/m/emoticon/icon/others/d_erha-0fecc90ac1.png"" style=""width:1em; height:1em;"" /></span><span class=""url-icon""><img alt=[二哈] src=""https://h5.sinaimg.cn/m/emoticon/icon/others/d_erha-0fecc90ac1.png"" style=""width:1em; height:1em;"" /></span><span class=""url-icon""><img alt=[二哈] src=""https://h5.sinaimg.cn/m/emoticon/icon/others/d_erha-0fecc90ac1.png"" style=""width:1em; height:1em;"" /></span>",0,0,0
4490299017077012,"<span class=""url-icon""><img alt=[二哈] src=""https://h5.sinaimg.cn/m/emoticon/icon/others/d_erha-0fecc90ac1.png"" style=""width:1em; height:1em;"" /></span><span class=""url-icon""><img alt=[二哈] src=""https://h5.sinaimg.cn/m/emoticon/icon/others/d_erha-0fecc90ac1.png"" style=""width:1em; height:1em;"" /></span><span class=""url-icon""><img alt=[二哈] src=""https://h5.sinaimg.cn/m/emoticon/icon/others/d_erha-0fecc90ac1.png"" style=""width:1em; height:1em;"" /></span>就说莱昂纳德太坑了，咋不用自己啊",0,1,0
4489629376062558,"我老婆也太好看啦吧啊啊啊啊啊啊啊啊啊啊啊啊啊啊啊啊啊啊啊啊啊啊啊啊！<span class=""url-icon""><img alt=[憧憬] src=""https://h5.sinaimg.cn/m/emoticon/icon/default/d_xingxingyan-06a3ca0ae4.png"" style=""width:1em; height:1em;"" /></span><span class=""url-icon""><img alt=[憧憬] src=""https://h5.sinaimg.cn/m/emoticon/icon/default/d_xingxingyan-06a3ca0ae4.png"" style=""width:1em; height:1em;"" /></span><span class=""url-icon""><img alt=[憧憬] src=""https://h5.sinaimg.cn/m/emoticon/icon/default/d_xingxingyan-06a3ca0ae4.png"" style=""width:1em; height:1em;"" /></span><span class=""url-icon""><img alt=[憧憬] src=""https://h5.sinaimg.cn/m/emoticon/icon/default/d_xingxingyan-06a3ca0ae4.png"" style=""width:1em; height:1em;"" /></span><span class=""url-icon""><img alt=[憧憬] src=""https://h5.sinaimg.cn/m/emoticon/icon/default/d_xingxingyan-06a3ca0ae4.png"" style=""width:1em; height:1em;"" /></span><span class=""url-icon""><img alt=[憧憬] src=""https://h5.sinaimg.cn/m/emoticon/icon/default/d_xingxingyan-06a3ca0ae4.png"" style=""width:1em; height:1em;"" /></span><span class=""url-icon""><img alt=[憧憬] src=""https://h5.sinaimg.cn/m/emoticon/icon/default/d_xingxingyan-06a3ca0ae4.png"" style=""width:1em; height:1em;"" /></span><span class=""url-icon""><img alt=[憧憬] src=""https://h5.sinaimg.cn/m/emoticon/icon/default/d_xingxingyan-06a3ca0ae4.png"" style=""width:1em; height:1em;"" /></span><span class=""url-icon""><img alt=[憧憬] src=""https://h5.sinaimg.cn/m/emoticon/icon/default/d_xingxingyan-06a3ca0ae4.png"" style=""width:1em; height:1em;"" /></span><span class=""url-icon""><img alt=[憧憬] src=""https://h5.sinaimg.cn/m/emoticon/icon/default/d_xingxingyan-06a3ca0ae4.png"" style=""width:1em; height:1em;"" /></span><span class=""url-icon""><img alt=[憧憬] src=""https://h5.sinaimg.cn/m/emoticon/icon/default/d_xingxingyan-06a3ca0ae4.png"" style=""width:1em; height:1em;"" /></span><span class=""url-icon""><img alt=[憧憬] src=""https://h5.sinaimg.cn/m/emoticon/icon/default/d_xingxingyan-06a3ca0ae4.png"" style=""width:1em; height:1em;"" /></span><span class=""url-icon""><img alt=[憧憬] src=""https://h5.sinaimg.cn/m/emoticon/icon/default/d_xingxingyan-06a3ca0ae4.png"" style=""width:1em; height:1em;"" /></span><span class=""url-icon""><img alt=[憧憬] src=""https://h5.sinaimg.cn/m/emoticon/icon/default/d_xingxingyan-06a3ca0ae4.png"" style=""width:1em; height:1em;"" /></span><span class=""url-icon""><img alt=[憧憬] src=""https://h5.sinaimg.cn/m/emoticon/icon/default/d_xingxingyan-06a3ca0ae4.png"" style=""width:1em; height:1em;"" /></span><span class=""url-icon""><img alt=[憧憬] src=""https://h5.sinaimg.cn/m/emoticon/icon/default/d_xingxingyan-06a3ca0ae4.png"" style=""width:1em; height:1em;"" /></span><span class=""url-icon""><img alt=[憧憬] src=""https://h5.sinaimg.cn/m/emoticon/icon/default/d_xingxingyan-06a3ca0ae4.png"" style=""width:1em; height:1em;"" /></span><span class=""url-icon""><img alt=[憧憬] src=""https://h5.sinaimg.cn/m/emoticon/icon/default/d_xingxingyan-06a3ca0ae4.png"" style=""width:1em; height:1em;"" /></span><span class=""url-icon""><img alt=[憧憬] src=""https://h5.sinaimg.cn/m/emoticon/icon/default/d_xingxingyan-06a3ca0ae4.png"" style=""width:1em; height:1em;"" /></span><span class=""url-icon""><img alt=[憧憬] src=""https://h5.sinaimg.cn/m/emoticon/icon/default/d_xingxingyan-06a3ca0ae4.png"" style=""width:1em; height:1em;"" /></span><span class=""url-icon""><img alt=[憧憬] src=""https://h5.sinaimg.cn/m/emoticon/icon/default/d_xingxingyan-06a3ca0ae4.png"" style=""width:1em; height:1em;"" /></span><span class=""url-icon""><img alt=[憧憬] src=""https://h5.sinaimg.cn/m/emoticon/icon/default/d_xingxingyan-06a3ca0ae4.png"" style=""width:1em; height:1em;"" /></span><span class=""url-icon""><img alt=[憧憬] src=""https://h5.sinaimg.cn/m/emoticon/icon/default/d_xingxingyan-06a3ca0ae4.png"" style=""width:1em; height:1em;"" /></span><span class=""url-icon""><img alt=[憧憬] src=""https://h5.sinaimg.cn/m/emoticon/icon/default/d_xingxingyan-06a3ca0ae4.png"" style=""width:1em; height:1em;"" /></span><span class=""url-icon""><img alt=[憧憬] src=""https://h5.sinaimg.cn/m/emoticon/icon/default/d_xingxingyan-06a3ca0ae4.png"" style=""width:1em; height:1em;"" /></span><span class=""url-icon""><img alt=[憧憬] src=""https://h5.sinaimg.cn/m/emoticon/icon/default/d_xingxingyan-06a3ca0ae4.png"" style=""width:1em; height:1em;"" /></span><span class=""url-icon""><img alt=[憧憬] src=""https://h5.sinaimg.cn/m/emoticon/icon/default/d_xingxingyan-06a3ca0ae4.png"" style=""width:1em; height:1em;"" /></span><span class=""url-icon""><img alt=[憧憬] src=""https://h5.sinaimg.cn/m/emoticon/icon/default/d_xingxingyan-06a3ca0ae4.png"" style=""width:1em; height:1em;"" /></span><span class=""url-icon""><img alt=[憧憬] src=""https://h5.sinaimg.cn/m/emoticon/icon/default/d_xingxingyan-06a3ca0ae4.png"" style=""width:1em; height:1em;"" /></span><span class=""url-icon""><img alt=[憧憬] src=""https://h5.sinaimg.cn/m/emoticon/icon/default/d_xingxingyan-06a3ca0ae4.png"" style=""width:1em; height:1em;"" /></span><span class=""url-icon""><img alt=[憧憬] src=""https://h5.sinaimg.cn/m/emoticon/icon/default/d_xingxingyan-06a3ca0ae4.png"" style=""width:1em; height:1em;"" /></span><span class=""url-icon""><img alt=[憧憬] src=""https://h5.sinaimg.cn/m/emoticon/icon/default/d_xingxingyan-06a3ca0ae4.png"" style=""width:1em; height:1em;"" /></span><span class=""url-icon""><img alt=[憧憬] src=""https://h5.sinaimg.cn/m/emoticon/icon/default/d_xingxingyan-06a3ca0ae4.png"" style=""width:1em; height:1em;"" /></span><span class=""url-icon""><img alt=[憧憬] src=""https://h5.sinaimg.cn/m/emoticon/icon/default/d_xingxingyan-06a3ca0ae4.png"" style=""width:1em; height:1em;"" /></span><span class=""url-icon""><img alt=[憧憬] src=""https://h5.sinaimg.cn/m/emoticon/icon/default/d_xingxingyan-06a3ca0ae4.png"" style=""width:1em; height:1em;"" /></span>",7,5,0
4489612665418039,"<span class=""url-icon""><img alt=[笑cry] src=""https://h5.sinaimg.cn/m/emoticon/icon/default/d_xiaoku-d320324f00.png"" style=""width:1em; height:1em;"" /></span><span class=""url-icon""><img alt=[笑cry] src=""https://h5.sinaimg.cn/m/emoticon/icon/default/d_xiaoku-d320324f00.png"" style=""width:1em; height:1em;"" /></span><span class=""url-icon""><img alt=[笑cry] src=""https://h5.sinaimg.cn/m/emoticon/icon/default/d_xiaoku-d320324f00.png"" style=""width:1em; height:1em;"" /></span><span class=""url-icon""><img alt=[笑cry] src=""https://h5.sinaimg.cn/m/emoticon/icon/default/d_xiaoku-d320324f00.png"" style=""width:1em; height:1em;"" /></span><span class=""url-icon""><img alt=[笑cry] src=""https://h5.sinaimg.cn/m/emoticon/icon/default/d_xiaoku-d320324f00.png"" style=""width:1em; height:1em;"" /></span>//<a href='/n/量化交易策略老猿'>@量化交易策略老猿</a>:。。。",0,0,1
4489612460174970,转发微博,0,2,1
4489612317659911,确实不行了...,0,1,0
id,text,attitudes,comments,reposts
4489612082967151,转发微博,2,2,10
4488741563505616,转发微博,5,5,3
4488503398198887,"<span class=""url-icon""><img alt=[二哈] src=""https://h5.sinaimg.cn/m/emoticon/icon/others/d_erha-0fecc90ac1.png"" style=""width:1em; height:1em;"" /></span><span class=""url-icon""><img alt=[二哈] src=""https://h5.sinaimg.cn/m/emoticon/icon/others/d_erha-0fecc90ac1.png"" style=""width:1em; height:1em;"" /></span><span class=""url-icon""><img alt=[二哈] src=""https://h5.sinaimg.cn/m/emoticon/icon/others/d_erha-0fecc90ac1.png"" style=""width:1em; height:1em;"" /></span>//<a href='/n/行为艺术bo'>@行为艺术bo</a>:又一次见证了历史<span class=""url-icon""><img alt=[二哈] src=""https://h5.sinaimg.cn/m/emoticon/icon/others/d_erha-0fecc90ac1.png"" style=""width:1em; height:1em;"" /></span>",3,0,1
4488479411102815,//<a href='/n/·三重雪·'>@·三重雪·</a>:使用单位电子产品不得外放请在高铁动车也实施！！！,1,0,1
4488474860362066,转发微博,0,0,2
4487880116519145,🐎,3,0,10
4487838126993911,"今天运动了五公里，出来走走跑跑太舒服了！<span class=""url-icon""><img alt=[哈哈] src=""https://h5.sinaimg.cn/m/emoticon/icon/default/d_haha-dd1c6d36cf.png"" style=""width:1em; height:1em;"" /></span><span class=""url-icon""><img alt=[哈哈] src=""https://h5.sinaimg.cn/m/emoticon/icon/default/d_haha-dd1c6d36cf.png"" style=""width:1em; height:1em;"" /></span><span class=""url-icon""><img alt=[哈哈] src=""https://h5.sinaimg.cn/m/emoticon/icon/default/d_haha-dd1c6d36cf.png"" style=""width:1em; height:1em;"" /></span> ",5,1,0
4487569460615034,"我老婆给我买到了 2020 年夏天撸代码的装备！开心！<span class=""url-icon""><img alt=[哈哈] src=""https://h5.sinaimg.cn/m/emoticon/icon/default/d_haha-dd1c6d36cf.png"" style=""width:1em; height:1em;"" /></span><span class=""url-icon""><img alt=[哈哈] src=""https://h5.sinaimg.cn/m/emoticon/icon/default/d_haha-dd1c6d36cf.png"" style=""width:1em; height:1em;"" /></span><span class=""url-icon""><img alt=[哈哈] src=""https://h5.sinaimg.cn/m/emoticon/icon/default/d_haha-dd1c6d36cf.png"" style=""width:1em; height:1em;"" /></span><span class=""url-icon""><img alt=[哈哈] src=""https://h5.sinaimg.cn/m/emoticon/icon/default/d_haha-dd1c6d36cf.png"" style=""width:1em; height:1em;"" /></span> <br />我老婆也太好了吧！还可以这么便宜买到！还炒鸡好看！<span class=""url-icon""><img alt=[憧憬] src=""https://h5.sinaimg.cn/m/emoticon/icon/default/d_xingxingyan-06a3ca0ae4.png"" style=""width:1em; height:1em;"" /></span><span class=""url-icon""><img alt=[憧憬] src=""https://h5.sinaimg.cn/m/emoticon/icon/default/d_xingxingyan-06a3ca0ae4.png"" style=""width:1em; height:1em;"" /></span> ",10,9,0
4487480164192173,"我其实不太适合番茄时钟这样的工作模式，因为在大多数情况下，在我正在全心投入的时候，突然番茄时钟就提示我需要休息了，这突然就给我增加了一个负担，我是该立即休息还是把当前的做完。而且休息时长也不科学，很多时候我没做完工作的时候，会把番茄直接完成接着开始下一个，休息时长是无意义的。所以 ...<a href=""/status/4487480164192173"">全文</a>",12,6,2
id,text,attitudes,comments,reposts
4487182595301175,"今天咋感觉就工作了一小时，就天黑了？<span class=""url-icon""><img alt=[费解] src=""https://h5.sinaimg.cn/m/emoticon/icon/default/d_feijie-bac8e40ab4.png"" style=""width:1em; height:1em;"" /></span><span class=""url-icon""><img alt=[费解] src=""https://h5.sinaimg.cn/m/emoticon/icon/default/d_feijie-bac8e40ab4.png"" style=""width:1em; height:1em;"" /></span><br />人的精力是有限的，哎，在我清醒的时候别摸鱼了，摸鱼和工作消耗的能量差不了多少。一天就那么几个小时适合沉下心来做事，那就把它用在最应该做的事情上去吧。 ",14,0,0
4487182011915433,"突然想到的。就是说啊，有的自媒体为了自己的一些媒体号，疯狂买粉到处宣传，花了九牛二虎之力，可能最后就是增了几十万粉。但一个知名的 IP 一旦开了一个号，几乎不用做什么，粉丝可能几天瞬间就起来了，而且号召力和转化率会非常高。另外如果二者都遇到封号，前者可能要花同样乃至更多的精力才能重新 ...<a href=""/status/4487182011915433"">全文</a>",5,4,0
4485940380421515,"<span class=""url-icon""><img alt=[允悲] src=""https://h5.sinaimg.cn/m/emoticon/icon/default/d_yunbei-9aa3c436a4.png"" style=""width:1em; height:1em;"" /></span><span class=""url-icon""><img alt=[允悲] src=""https://h5.sinaimg.cn/m/emoticon/icon/default/d_yunbei-9aa3c436a4.png"" style=""width:1em; height:1em;"" /></span><span class=""url-icon""><img alt=[允悲] src=""https://h5.sinaimg.cn/m/emoticon/icon/default/d_yunbei-9aa3c436a4.png"" style=""width:1em; height:1em;"" /></span><span class=""url-icon""><img alt=[允悲] src=""https://h5.sinaimg.cn/m/emoticon/icon/default/d_yunbei-9aa3c436a4.png"" style=""width:1em; height:1em;"" /></span>",0,0,0
4485936844650633,"<span class=""url-icon""><img alt=[doge] src=""https://h5.sinaimg.cn/m/emoticon/icon/others/d_doge-861403219c.png"" style=""width:1em; height:1em;"" /></span><span class=""url-icon""><img alt=[doge] src=""https://h5.sinaimg.cn/m/emoticon/icon/others/d_doge-861403219c.png"" style=""width:1em; height:1em;"" /></span><span class=""url-icon""><img alt=[doge] src=""https://h5.sinaimg.cn/m/emoticon/icon/others/d_doge-861403219c.png"" style=""width:1em; height:1em;"" /></span><span class=""url-icon""><img alt=[doge] src=""https://h5.sinaimg.cn/m/emoticon/icon/others/d_doge-861403219c.png"" style=""width:1em; height:1em;"" /></span>唐纳德·我又改口了·特朗普",0,0,0
4485792929988791,"<span class=""url-icon""><img alt=[doge] src=""https://h5.sinaimg.cn/m/emoticon/icon/others/d_doge-861403219c.png"" style=""width:1em; height:1em;"" /></span><span class=""url-icon""><img alt=[doge] src=""https://h5.sinaimg.cn/m/emoticon/icon/others/d_doge-861403219c.png"" style=""width:1em; height:1em;"" /></span><span class=""url-icon""><img alt=[doge] src=""https://h5.sinaimg.cn/m/emoticon/icon/others/d_doge-861403219c.png"" style=""width:1em; height:1em;"" /></span>",6,0,0
4485297213331072,"<span class=""url-icon""><img alt=[笑cry] src=""https://h5.sinaimg.cn/m/emoticon/icon/default/d_xiaoku-d320324f00.png"" style=""width:1em; height:1em;"" /></span><span class=""url-icon""><img alt=[笑cry] src=""https://h5.sinaimg.cn/m/emoticon/icon/default/d_xiaoku-d320324f00.png"" style=""width:1em; height:1em;"" /></span><span class=""url-icon""><img alt=[笑cry] src=""https://h5.sinaimg.cn/m/emoticon/icon/default/d_xiaoku-d320324f00.png"" style=""width:1em; height:1em;"" /></span><span class=""url-icon""><img alt=[笑cry] src=""https://h5.sinaimg.cn/m/emoticon/icon/default/d_xiaoku-d320324f00.png"" style=""width:1em; height:1em;"" /></span><span class=""url-icon""><img alt=[笑cry] src=""https://h5.sinaimg.cn/m/emoticon/icon/default/d_xiaoku-d320324f00.png"" style=""width:1em; height:1em;"" /></span>不看我还不知道他懂这么多呢",2,1,3
4484324554218654,嘿嘿嘿，我和我老婆在一起 500 天啦！ ,19,4,0
4484180249314079,线上开会的时候会议加不进去了，拉了个群问咋回事，你说这都是中国人，咋都在说英文啊，留我一人这么一句孤零零的中文，也没人附和我一句...留我一人在对话框独自懵逼... ,16,2,0
